{"cameraMode":{"drawMode":0,"name":"Shaded","section":"Shading Mode"},"sceneLighting":true,"audioPlay":false,"sceneViewState":{"showFog":false,"showMaterialUpdate":false,"showSkybox":true,"showFlares":false,"showImageEffects":false,"showParticleSystems":false},"in2DMode":false,"pivot":{"x":-0.5831173062324524,"y":-99.55496215820313,"z":3.6950719356536867},"rotation":{"x":-0.1834387183189392,"y":0.015035854652523995,"z":-0.0028070977423340084,"w":-0.9829121232032776},"size":1.8159815073013306,"orthographic":false}