{"cameraMode":{"drawMode":0,"name":"Shaded","section":"Shading Mode"},"sceneLighting":true,"audioPlay":false,"sceneViewState":{"showFog":false,"showMaterialUpdate":false,"showSkybox":true,"showFlares":false,"showImageEffects":false,"showParticleSystems":false},"in2DMode":false,"pivot":{"x":-1422.306884765625,"y":65.88697814941406,"z":-15787.7294921875},"rotation":{"x":-0.005485400091856718,"y":-0.4009197950363159,"z":-0.0024001169949769975,"w":0.916093647480011},"size":7.52384614944458,"orthographic":false}