{"cameraMode":{"drawMode":0,"name":"Shaded","section":"Shading Mode"},"sceneLighting":true,"audioPlay":false,"sceneViewState":{"showFog":false,"showMaterialUpdate":false,"showSkybox":true,"showFlares":false,"showImageEffects":false,"showParticleSystems":false},"in2DMode":false,"pivot":{"x":-0.399627685546875,"y":-99.17330932617188,"z":2.60504150390625},"rotation":{"x":0.24053561687469483,"y":-0.15155062079429627,"z":0.03805243968963623,"w":0.957980751991272},"size":0.47291886806488039,"orthographic":true}