{"cameraMode":{"drawMode":0,"name":"Shaded","section":"Shading Mode"},"sceneLighting":true,"audioPlay":false,"sceneViewState":{"showFog":false,"showMaterialUpdate":false,"showSkybox":true,"showFlares":false,"showImageEffects":false,"showParticleSystems":false},"in2DMode":false,"pivot":{"x":-1417.676513671875,"y":64.96585845947266,"z":-15780.287109375},"rotation":{"x":0.015011463314294815,"y":-0.001527845161035657,"z":0.000023340120606007986,"w":0.9998862147331238},"size":7.52384614944458,"orthographic":false}