{"cameraMode":{"drawMode":0,"name":"Shaded","section":"Shading Mode"},"sceneLighting":true,"audioPlay":false,"sceneViewState":{"showFog":false,"showMaterialUpdate":false,"showSkybox":true,"showFlares":false,"showImageEffects":false,"showParticleSystems":false},"in2DMode":false,"pivot":{"x":0.9164261817932129,"y":-98.51139068603516,"z":0.27405795454978945},"rotation":{"x":0.011563477106392384,"y":-0.6371596455574036,"z":-0.009553130716085434,"w":-0.7705859541893005},"size":0.5272653102874756,"orthographic":false}