{"cameraMode":{"drawMode":0,"name":"Shaded","section":"Shading Mode"},"sceneLighting":false,"audioPlay":false,"sceneViewState":{"showFog":false,"showMaterialUpdate":false,"showSkybox":false,"showFlares":false,"showImageEffects":false,"showParticleSystems":false},"in2DMode":false,"pivot":{"x":14.999996185302735,"y":35.00000762939453,"z":-0.000004291534423828125},"rotation":{"x":-0.05836831405758858,"y":-0.6759793162345886,"z":0.053854234516620639,"w":-0.7326287627220154},"size":109.75914001464844,"orthographic":false}