{"cameraMode":{"drawMode":0,"name":"Shaded","section":"Shading Mode"},"sceneLighting":true,"audioPlay":false,"sceneViewState":{"showFog":false,"showMaterialUpdate":false,"showSkybox":true,"showFlares":false,"showImageEffects":false,"showParticleSystems":false},"in2DMode":false,"pivot":{"x":929.9690551757813,"y":579.5592651367188,"z":12.667709350585938},"rotation":{"x":0.1270291805267334,"y":-0.045505132526159289,"z":0.005835543852299452,"w":0.9908374547958374},"size":268.6005554199219,"orthographic":false}