{"cameraMode":{"drawMode":0,"name":"Shaded","section":"Shading Mode"},"sceneLighting":true,"audioPlay":false,"sceneViewState":{"showFog":false,"showMaterialUpdate":false,"showSkybox":true,"showFlares":false,"showImageEffects":false,"showParticleSystems":false},"in2DMode":false,"pivot":{"x":0.2964908182621002,"y":-98.83735656738281,"z":0.4811178743839264},"rotation":{"x":0.2810637056827545,"y":0.025047004222869874,"z":-0.0073376987129449848,"w":0.9593341946601868},"size":0.6375893354415894,"orthographic":false}