{"cameraMode":{"drawMode":0,"name":"Shaded","section":"Shading Mode"},"sceneLighting":false,"audioPlay":false,"sceneViewState":{"showFog":false,"showMaterialUpdate":false,"showSkybox":false,"showFlares":false,"showImageEffects":false,"showParticleSystems":false},"in2DMode":false,"pivot":{"x":990.1317749023438,"y":670.669921875,"z":9.126594543457032},"rotation":{"x":0.2507948577404022,"y":0.003489417489618063,"z":-0.0009039595606736839,"w":0.9680336117744446},"size":56.00285720825195,"orthographic":false}