{"cameraMode":{"drawMode":0,"name":"Shaded","section":"Shading Mode"},"sceneLighting":true,"audioPlay":false,"sceneViewState":{"showFog":false,"showMaterialUpdate":false,"showSkybox":true,"showFlares":false,"showImageEffects":false,"showParticleSystems":false},"in2DMode":false,"pivot":{"x":-1411.1934814453125,"y":63.736000061035159,"z":-15777.365234375},"rotation":{"x":0.008862728253006935,"y":0.5370507836341858,"z":-0.005643337499350309,"w":0.8434844613075256},"size":11.571186065673829,"orthographic":false}