{"cameraMode":{"drawMode":0,"name":"Shaded","section":"Shading Mode"},"sceneLighting":true,"audioPlay":false,"sceneViewState":{"showFog":false,"showMaterialUpdate":false,"showSkybox":true,"showFlares":false,"showImageEffects":false,"showParticleSystems":false},"in2DMode":false,"pivot":{"x":0.42656052112579348,"y":-99.13703918457031,"z":1.2181155681610108},"rotation":{"x":0.1983201503753662,"y":0.7786980867385864,"z":-0.30059534311294558,"w":0.5137518048286438},"size":0.945234477519989,"orthographic":false}