{"cameraMode":{"drawMode":0,"name":"Shaded","section":"Shading Mode"},"sceneLighting":true,"audioPlay":false,"sceneViewState":{"showFog":false,"showMaterialUpdate":false,"showSkybox":true,"showFlares":false,"showImageEffects":false,"showParticleSystems":false},"in2DMode":false,"pivot":{"x":-0.2848570942878723,"y":-98.95609283447266,"z":2.2695469856262209},"rotation":{"x":0.32520154118537905,"y":-0.038014788180589679,"z":0.013085171580314637,"w":0.9447897672653198},"size":0.11369198560714722,"orthographic":false}