{"cameraMode":{"drawMode":0,"name":"Shaded","section":"Shading Mode"},"sceneLighting":true,"audioPlay":false,"sceneViewState":{"showFog":false,"showMaterialUpdate":false,"showSkybox":true,"showFlares":false,"showImageEffects":false,"showParticleSystems":false},"in2DMode":false,"pivot":{"x":-0.17635539174079896,"y":-99.2502670288086,"z":2.6675779819488527},"rotation":{"x":0.19080138206481934,"y":-0.017696470022201539,"z":0.00344039942137897,"w":0.9814631342887878},"size":0.6127946376800537,"orthographic":false}