{"cameraMode":{"drawMode":0,"name":"Shaded","section":"Shading Mode"},"sceneLighting":true,"audioPlay":false,"sceneViewState":{"showFog":false,"showMaterialUpdate":false,"showSkybox":true,"showFlares":false,"showImageEffects":false,"showParticleSystems":false},"in2DMode":false,"pivot":{"x":-0.46509552001953127,"y":-99.1934814453125,"z":2.68743896484375},"rotation":{"x":0.2703264355659485,"y":-0.1559760719537735,"z":0.04442702978849411,"w":0.9490107297897339},"size":0.42672112584114077,"orthographic":true}